age,job,name
28,токарь,Оля
23,механик,Митя
31,токарь,Оля
23,программист,Толик
23,бездельник,Митя
25,программист,Виталик
18,программист,Митя
20,программист,Вася
32,бездельник,Вася
32,бездельник,Оля
28,механик,Оля
28,дорник,Вася
31,дорник,Оля
18,дорник,Алина
24,механик,Алина
27,дорник,Виталик
19,токарь,Алина
19,механик,Влад
27,токарь,Алина
23,дорник,Виталик
34,бездельник,Катя
24,токарь,Толик
21,программист,Митя
18,дорник,Оля
28,токарь,Влад
32,токарь,Толик
21,бездельник,Оля
33,дорник,Юля
20,программист,Вася
19,программист,Катя
33,программист,Толик
18,дорник,Митя
19,бездельник,Виталик
31,программист,Катя
28,механик,Юля
29,дорник,Толик
20,механик,Толик
23,токарь,Вася
22,бездельник,Виталик
25,дорник,Катя
25,дорник,Катя
20,дорник,Оля
25,дорник,Дима
29,бездельник,Катя
25,механик,Влад
31,механик,Влад
34,бездельник,Алина
22,программист,Влад
25,дорник,Толик
23,дорник,Виталик
22,программист,Дима
24,программист,Катя
28,токарь,Дима
29,токарь,Катя
28,дорник,Катя
21,дорник,Катя
28,дорник,Катя
25,программист,Влад
18,бездельник,Алина
18,дорник,Влад
25,бездельник,Юля
18,программист,Вася
24,механик,Юля
29,токарь,Юля
26,токарь,Влад
19,токарь,Виталик
30,дорник,Вася
19,дорник,Влад
27,механик,Вася
27,токарь,Дима
26,токарь,Оля
24,токарь,Митя
18,механик,Оля
27,бездельник,Толик
34,программист,Влад
32,механик,Виталик
20,токарь,Влад
25,бездельник,Юля
27,программист,Алина
26,бездельник,Алина
26,механик,Алина
21,дорник,Влад
26,бездельник,Влад
22,механик,Оля
19,механик,Влад
27,дорник,Влад
22,механик,Катя
31,токарь,Дима
30,бездельник,Виталик
27,программист,Юля
34,токарь,Вася
33,токарь,Дима
25,механик,Юля
35,дорник,Вася
24,механик,Алина
35,программист,Дима
24,дорник,Толик
26,механик,Алина
25,токарь,Влад
20,дорник,Катя
30,дорник,Алина
33,бездельник,Юля
31,бездельник,Виталик
27,бездельник,Оля
24,токарь,Вася
27,механик,Дима
29,механик,Виталик
25,токарь,Вася
21,бездельник,Оля
34,механик,Алина
25,бездельник,Юля
28,программист,Оля
20,механик,Влад
30,механик,Оля
20,механик,Вася
26,токарь,Вася
31,токарь,Виталик
28,бездельник,Дима
21,токарь,Толик
23,токарь,Влад
30,токарь,Дима
23,программист,Вася
35,токарь,Виталик
32,дорник,Толик
23,токарь,Влад
22,бездельник,Вася
21,токарь,Катя
30,программист,Дима
33,программист,Виталик
19,механик,Виталик
25,токарь,Дима
26,механик,Катя
21,программист,Алина
34,бездельник,Дима
32,бездельник,Дима
33,дорник,Дима
25,механик,Юля
25,механик,Алина
18,токарь,Влад
35,дорник,Юля
31,бездельник,Виталик
26,дорник,Оля
18,механик,Виталик
34,механик,Толик
27,токарь,Дима
24,механик,Дима
18,дорник,Влад
33,механик,Юля
31,программист,Виталик
21,программист,Катя
28,дорник,Влад
26,бездельник,Митя
27,механик,Юля
26,механик,Дима
31,токарь,Дима
29,токарь,Влад
29,программист,Митя
23,механик,Влад
35,дорник,Юля
33,механик,Влад
32,токарь,Толик
34,бездельник,Влад
22,дорник,Вася
20,токарь,Дима
33,токарь,Оля
24,программист,Толик
26,программист,Оля
33,токарь,Виталик
29,токарь,Юля
32,программист,Дима
19,механик,Дима
24,бездельник,Алина
28,дорник,Митя
22,программист,Виталик
34,бездельник,Влад
23,механик,Виталик
33,механик,Юля
18,дорник,Влад
20,бездельник,Виталик
21,программист,Митя
29,механик,Дима
33,токарь,Катя
25,бездельник,Дима
26,механик,Оля
33,программист,Дима
34,дорник,Оля
34,дорник,Влад
29,механик,Дима
21,бездельник,Юля
27,программист,Оля
27,механик,Алина
35,механик,Митя
33,токарь,Катя
32,механик,Толик
24,бездельник,Оля
22,дорник,Катя
19,механик,Алина
19,программист,Толик
33,бездельник,Юля
23,дорник,Митя
27,дорник,Вася
29,бездельник,Алина
30,токарь,Толик
24,программист,Толик
33,бездельник,Митя
26,механик,Виталик
34,дорник,Виталик
24,бездельник,Оля
30,токарь,Алина
33,бездельник,Влад
21,токарь,Дима
23,токарь,Вася
31,дорник,Алина
26,механик,Алина
32,программист,Оля
18,бездельник,Юля
22,токарь,Влад
22,токарь,Толик
21,бездельник,Катя
25,токарь,Митя
26,бездельник,Дима
21,токарь,Алина
22,механик,Катя
29,дорник,Вася
29,токарь,Виталик
30,механик,Оля
32,бездельник,Толик
31,механик,Влад
25,дорник,Виталик
24,токарь,Влад
24,программист,Виталик
27,механик,Влад
33,механик,Митя
28,токарь,Виталик
18,бездельник,Оля
29,программист,Вася
34,программист,Вася
20,механик,Оля
29,токарь,Катя
22,программист,Оля
24,дорник,Катя
18,дорник,Катя
25,бездельник,Митя
28,механик,Толик
31,механик,Катя
23,бездельник,Дима
33,токарь,Дима
33,программист,Толик
26,механик,Алина
30,дорник,Вася
31,программист,Юля
25,токарь,Влад
35,дорник,Толик
23,дорник,Виталик
29,токарь,Катя
25,дорник,Юля
35,программист,Виталик
29,механик,Дима
30,механик,Оля
33,программист,Митя
28,дорник,Митя
29,программист,Юля
21,программист,Дима
26,токарь,Вася
24,токарь,Оля
24,токарь,Юля
27,механик,Катя
31,бездельник,Влад
19,бездельник,Вася
19,бездельник,Алина
22,токарь,Вася
23,механик,Дима
18,программист,Катя
35,механик,Толик
24,токарь,Юля
31,токарь,Юля
31,дорник,Митя
32,программист,Вася
35,бездельник,Влад
27,механик,Митя
31,программист,Юля
18,бездельник,Вася
30,механик,Митя
28,механик,Катя
19,механик,Митя
34,токарь,Катя
24,механик,Влад
30,дорник,Митя
20,бездельник,Митя
23,механик,Алина
19,программист,Влад
34,программист,Митя
21,программист,Оля
18,бездельник,Юля
22,механик,Оля
22,бездельник,Толик
25,дорник,Влад
33,дорник,Митя
18,бездельник,Виталик
20,бездельник,Дима
32,дорник,Влад
21,токарь,Виталик
29,дорник,Митя
31,бездельник,Юля
35,механик,Вася
27,токарь,Виталик
22,механик,Юля
19,бездельник,Катя
27,программист,Дима
25,токарь,Оля
33,программист,Оля
19,дорник,Алина
22,программист,Вася
29,дорник,Виталик
22,токарь,Виталик
27,программист,Юля
20,бездельник,Дима
27,дорник,Юля
31,механик,Оля
25,токарь,Оля
22,программист,Вася
18,механик,Оля
31,дорник,Вася
21,токарь,Виталик
27,дорник,Катя
34,механик,Митя
24,дорник,Митя
25,бездельник,Алина
29,токарь,Алина
23,дорник,Влад
29,бездельник,Толик
28,токарь,Толик
22,бездельник,Алина
21,токарь,Алина
23,бездельник,Виталик
26,программист,Алина
19,дорник,Катя
24,дорник,Юля
31,бездельник,Виталик
25,дорник,Катя
35,токарь,Дима
35,программист,Оля
19,механик,Катя
27,программист,Вася
27,механик,Оля
25,программист,Алина
27,программист,Виталик
27,механик,Юля
26,программист,Алина
18,бездельник,Оля
30,механик,Дима
28,механик,Митя
35,бездельник,Вася
31,токарь,Юля
24,дорник,Виталик
18,дорник,Юля
29,механик,Толик
30,программист,Виталик
18,бездельник,Катя
35,дорник,Юля
34,механик,Влад
21,механик,Алина
30,бездельник,Виталик
25,механик,Катя
27,программист,Катя
32,бездельник,Толик
22,бездельник,Алина
28,программист,Юля
31,дорник,Алина
33,токарь,Дима
27,программист,Вася
27,программист,Юля
35,дорник,Влад
34,механик,Толик
30,токарь,Вася
24,дорник,Оля
35,дорник,Оля
33,токарь,Толик
27,бездельник,Толик
35,дорник,Митя
27,дорник,Митя
23,дорник,Дима
25,программист,Оля
26,механик,Юля
25,программист,Дима
25,механик,Алина
24,бездельник,Толик
22,программист,Алина
26,бездельник,Оля
20,токарь,Катя
29,механик,Виталик
22,бездельник,Влад
33,токарь,Виталик
21,бездельник,Алина
28,механик,Алина
23,бездельник,Виталик
21,токарь,Влад
28,токарь,Влад
28,дорник,Вася
23,механик,Влад
27,токарь,Митя
27,программист,Виталик
34,бездельник,Влад
34,механик,Толик
22,дорник,Юля
33,дорник,Оля
28,механик,Влад
29,программист,Митя
20,механик,Дима
23,программист,Оля
34,бездельник,Вася
18,бездельник,Митя
31,механик,Виталик
34,программист,Толик
27,механик,Алина
26,механик,Митя
22,дорник,Вася
30,бездельник,Оля
22,токарь,Катя
27,дорник,Вася
18,дорник,Юля
31,механик,Оля
35,бездельник,Катя
28,токарь,Юля
23,программист,Митя
23,дорник,Толик
18,программист,Катя
26,механик,Юля
32,токарь,Виталик
35,бездельник,Дима
27,программист,Юля
33,дорник,Митя
25,дорник,Дима
30,дорник,Юля
35,токарь,Вася
35,бездельник,Дима
19,бездельник,Алина
35,дорник,Вася
28,механик,Виталик
29,дорник,Виталик
32,программист,Юля
22,токарь,Влад
23,механик,Катя
30,программист,Катя
25,механик,Виталик
27,программист,Влад
18,программист,Алина
18,токарь,Виталик
30,механик,Митя
26,программист,Юля
27,токарь,Виталик
24,бездельник,Алина
28,токарь,Дима
34,бездельник,Толик
26,механик,Юля
19,токарь,Вася
21,токарь,Катя
24,механик,Юля
21,механик,Юля
34,бездельник,Катя
18,токарь,Вася
32,программист,Оля
34,дорник,Вася
24,бездельник,Алина
20,программист,Юля
19,бездельник,Митя
21,программист,Алина
29,бездельник,Вася
33,дорник,Влад
22,программист,Дима
21,бездельник,Юля
32,дорник,Оля
24,токарь,Катя
22,токарь,Вася
32,бездельник,Алина
20,бездельник,Вася
18,токарь,Оля
22,механик,Виталик
25,дорник,Вася
20,механик,Юля
27,бездельник,Вася
33,дорник,Толик
21,токарь,Дима
27,программист,Юля
26,бездельник,Катя
23,программист,Катя
26,программист,Вася
30,токарь,Юля
25,механик,Виталик
33,дорник,Катя
22,дорник,Толик
19,токарь,Вася
20,программист,Юля
23,программист,Алина
18,токарь,Виталик
35,дорник,Катя
24,токарь,Толик
18,программист,Юля
34,токарь,Вася
29,дорник,Дима
29,токарь,Виталик
23,механик,Алина
21,бездельник,Юля
21,дорник,Алина
26,дорник,Дима
27,токарь,Юля
30,механик,Вася
31,бездельник,Вася
23,механик,Юля
29,дорник,Влад
18,программист,Толик
24,программист,Толик
19,бездельник,Катя
28,токарь,Оля
27,бездельник,Дима
18,программист,Толик
33,механик,Дима
34,механик,Виталик
27,механик,Оля
29,дорник,Виталик
31,бездельник,Юля
25,дорник,Алина
22,бездельник,Алина
26,дорник,Толик
31,дорник,Юля
32,токарь,Дима
26,дорник,Оля
28,бездельник,Оля
19,бездельник,Влад
20,бездельник,Вася
27,механик,Оля
22,программист,Влад
26,токарь,Виталик
29,бездельник,Митя
19,механик,Юля
33,программист,Оля
34,дорник,Виталик
35,программист,Катя
18,программист,Митя
21,механик,Оля
30,токарь,Вася
19,механик,Толик
19,программист,Дима
34,механик,Влад
33,токарь,Толик
25,токарь,Дима
25,механик,Виталик
27,дорник,Влад
26,бездельник,Митя
24,программист,Влад
26,программист,Толик
31,механик,Вася
26,дорник,Влад
33,бездельник,Оля
31,токарь,Оля
31,дорник,Алина
23,бездельник,Дима
20,программист,Толик
21,бездельник,Катя
34,бездельник,Дима
32,программист,Виталик
29,токарь,Вася
31,механик,Толик
32,токарь,Дима
33,дорник,Дима
28,программист,Толик
33,дорник,Дима
20,бездельник,Толик
30,токарь,Влад
28,программист,Вася
22,программист,Вася
33,механик,Митя
34,токарь,Юля
23,дорник,Влад
32,программист,Юля
33,бездельник,Виталик
28,дорник,Вася
31,дорник,Алина
27,дорник,Юля
25,механик,Виталик
34,программист,Юля
31,токарь,Оля
22,токарь,Митя
25,дорник,Влад
29,программист,Алина
26,дорник,Влад
35,программист,Юля
19,токарь,Влад
32,бездельник,Дима
32,механик,Митя
33,программист,Оля
25,бездельник,Митя
24,бездельник,Оля
19,токарь,Дима
25,дорник,Митя
24,программист,Виталик
25,механик,Дима
29,программист,Толик
29,программист,Вася
33,бездельник,Вася
21,бездельник,Дима
33,механик,Оля
18,механик,Юля
34,бездельник,Вася
22,дорник,Юля
24,программист,Дима
31,программист,Влад
21,токарь,Митя
24,механик,Катя
35,программист,Дима
24,программист,Дима
30,дорник,Дима
27,программист,Толик
21,механик,Оля
22,дорник,Катя
20,токарь,Дима
31,бездельник,Вася
23,бездельник,Вася
23,программист,Оля
21,токарь,Вася
19,дорник,Митя
27,программист,Влад
31,дорник,Влад
23,дорник,Виталик
27,бездельник,Влад
19,механик,Толик
21,дорник,Митя
35,механик,Дима
29,дорник,Алина
23,программист,Влад
25,программист,Дима
25,программист,Дима
22,бездельник,Митя
26,токарь,Алина
21,бездельник,Юля
18,механик,Алина
34,программист,Юля
33,токарь,Оля
18,программист,Виталик
27,бездельник,Виталик
23,токарь,Юля
29,бездельник,Алина
20,механик,Вася
34,дорник,Митя
31,программист,Митя
21,дорник,Дима
26,дорник,Виталик
32,механик,Катя
31,бездельник,Катя
21,токарь,Юля
19,механик,Толик
32,токарь,Митя
26,программист,Алина
23,дорник,Виталик
31,бездельник,Юля
35,бездельник,Оля
23,токарь,Толик
18,токарь,Толик
35,механик,Алина
34,бездельник,Толик
24,программист,Толик
23,механик,Влад
32,механик,Юля
28,программист,Виталик
32,бездельник,Митя
32,бездельник,Дима
35,механик,Митя
28,дорник,Влад
21,механик,Оля
21,механик,Алина
34,токарь,Виталик
23,бездельник,Юля
21,бездельник,Алина
26,программист,Вася
30,дорник,Толик
21,механик,Толик
30,механик,Влад
20,бездельник,Влад
24,дорник,Вася
18,бездельник,Влад
21,токарь,Толик
25,токарь,Толик
26,токарь,Дима
35,токарь,Катя
29,дорник,Митя
32,механик,Оля
28,токарь,Митя
33,бездельник,Катя
28,дорник,Дима
23,программист,Оля
25,механик,Катя
30,дорник,Дима
32,бездельник,Митя
21,механик,Митя
26,механик,Влад
18,токарь,Оля
21,бездельник,Катя
33,механик,Алина
28,программист,Алина
22,программист,Катя
22,программист,Оля
33,бездельник,Дима
33,механик,Дима
18,программист,Катя
23,бездельник,Юля
29,механик,Алина
31,дорник,Влад
34,дорник,Алина
32,дорник,Виталик
32,механик,Алина
30,программист,Вася
26,механик,Виталик
32,токарь,Алина
26,программист,Катя
20,токарь,Толик
22,дорник,Дима
34,бездельник,Митя
33,бездельник,Виталик
19,токарь,Влад
21,токарь,Толик
28,бездельник,Толик
25,механик,Толик
35,бездельник,Вася
33,дорник,Оля
28,программист,Виталик
22,дорник,Дима
23,программист,Катя
33,механик,Влад
22,программист,Дима
32,бездельник,Митя
19,токарь,Влад
27,механик,Алина
30,механик,Оля
23,бездельник,Вася
21,бездельник,Влад
27,программист,Оля
31,бездельник,Влад
19,бездельник,Вася
28,механик,Юля
18,токарь,Катя
18,бездельник,Юля
28,токарь,Толик
24,дорник,Вася
18,токарь,Алина
31,бездельник,Толик
22,бездельник,Влад
21,дорник,Вася
20,бездельник,Катя
19,бездельник,Алина
33,бездельник,Юля
33,токарь,Влад
32,программист,Вася
28,бездельник,Толик
21,дорник,Юля
19,токарь,Алина
25,механик,Катя
23,бездельник,Толик
30,токарь,Влад
24,программист,Митя
20,дорник,Алина
34,механик,Катя
34,токарь,Митя
18,токарь,Алина
32,дорник,Юля
21,токарь,Митя
29,механик,Толик
29,бездельник,Алина
32,механик,Вася
19,токарь,Юля
19,токарь,Оля
22,дорник,Дима
32,бездельник,Митя
23,токарь,Дима
26,токарь,Вася
35,дорник,Толик
23,токарь,Вася
29,токарь,Виталик
34,дорник,Митя
30,дорник,Вася
32,токарь,Толик
26,программист,Дима
23,токарь,Юля
33,бездельник,Виталик
26,программист,Митя
27,бездельник,Катя
25,токарь,Вася
35,токарь,Вася
20,механик,Юля
30,механик,Вася
29,программист,Митя
29,токарь,Юля
35,бездельник,Дима
29,дорник,Юля
33,программист,Толик
27,токарь,Дима
22,механик,Толик
35,токарь,Дима
28,токарь,Юля
30,механик,Митя
18,механик,Виталик
21,механик,Влад
31,токарь,Юля
31,бездельник,Толик
31,механик,Виталик
25,механик,Оля
22,токарь,Дима
27,дорник,Вася
24,токарь,Митя
26,бездельник,Вася
18,токарь,Катя
32,токарь,Влад
32,программист,Митя
23,бездельник,Дима
30,программист,Митя
26,дорник,Алина
27,механик,Дима
29,бездельник,Катя
22,дорник,Алина
19,токарь,Алина
20,дорник,Юля
30,бездельник,Толик
18,дорник,Вася
35,механик,Вася
18,токарь,Толик
32,программист,Митя
33,дорник,Катя
26,бездельник,Влад
23,бездельник,Дима
35,токарь,Вася
20,бездельник,Алина
33,программист,Дима
30,дорник,Митя
27,программист,Влад
34,дорник,Влад
27,токарь,Катя
28,бездельник,Влад
22,бездельник,Катя
29,программист,Катя
27,программист,Катя
34,бездельник,Катя
27,программист,Вася
19,бездельник,Влад
30,программист,Влад
23,механик,Оля
31,бездельник,Катя
25,механик,Дима
26,механик,Вася
34,токарь,Виталик
22,дорник,Митя
24,токарь,Юля
32,токарь,Дима
31,дорник,Влад
26,программист,Вася
19,механик,Толик
25,механик,Митя
35,механик,Влад
34,программист,Виталик
19,дорник,Алина
24,бездельник,Толик
22,бездельник,Вася
20,дорник,Алина
19,дорник,Виталик
28,токарь,Катя
31,дорник,Виталик
23,дорник,Алина
20,программист,Катя
34,программист,Катя
22,дорник,Катя
29,бездельник,Толик
23,программист,Оля
24,дорник,Оля
27,дорник,Дима
23,бездельник,Дима
35,бездельник,Катя
21,дорник,Митя
30,токарь,Виталик
24,механик,Катя
31,программист,Виталик
20,токарь,Вася
19,дорник,Влад
25,дорник,Влад
25,программист,Юля
35,токарь,Вася
29,токарь,Оля
28,токарь,Катя
26,механик,Вася
26,дорник,Оля
35,программист,Виталик
23,токарь,Алина
32,механик,Алина
35,механик,Влад
19,механик,Юля
25,дорник,Дима
32,механик,Юля
20,бездельник,Виталик
22,дорник,Катя
21,бездельник,Катя
21,программист,Алина
18,токарь,Дима
28,токарь,Дима
21,программист,Виталик
32,механик,Митя
20,дорник,Вася
25,бездельник,Толик
30,дорник,Оля
22,дорник,Оля
18,токарь,Дима
19,токарь,Катя
29,бездельник,Оля
22,бездельник,Катя
27,механик,Виталик
28,программист,Дима
29,программист,Митя
30,механик,Вася
23,бездельник,Алина
27,бездельник,Вася
30,механик,Толик
31,токарь,Катя
30,бездельник,Алина
34,программист,Юля
26,токарь,Вася
35,программист,Вася
33,токарь,Виталик
32,бездельник,Юля
26,механик,Дима
25,бездельник,Толик
29,бездельник,Влад
19,токарь,Катя
34,механик,Дима
21,механик,Катя
32,бездельник,Дима
21,механик,Вася
20,дорник,Катя
31,механик,Дима
18,программист,Оля
20,программист,Оля
18,программист,Алина
32,дорник,Митя
18,бездельник,Дима
27,дорник,Юля
24,механик,Толик
20,механик,Юля
32,механик,Влад
23,дорник,Алина
18,токарь,Алина
27,программист,Митя
29,программист,Алина
34,дорник,Оля
31,дорник,Алина
28,механик,Алина
18,механик,Юля
28,токарь,Вася
33,механик,Митя
25,программист,Вася
21,программист,Оля
30,дорник,Вася
28,механик,Вася
33,токарь,Митя
23,бездельник,Виталик
19,дорник,Катя
29,бездельник,Виталик
26,дорник,Оля
26,бездельник,Катя
28,дорник,Виталик
28,механик,Виталик
21,дорник,Алина
21,бездельник,Оля
22,дорник,Алина
25,бездельник,Митя
34,дорник,Виталик
24,токарь,Толик
23,программист,Вася
27,программист,Юля
35,механик,Оля
20,бездельник,Толик
30,бездельник,Юля
35,программист,Виталик
32,бездельник,Юля
21,токарь,Толик
22,бездельник,Вася
18,механик,Дима
21,токарь,Юля
29,программист,Дима
32,дорник,Митя
32,механик,Катя
32,механик,Юля
35,бездельник,Виталик
35,дорник,Юля
31,дорник,Оля
23,программист,Вася
33,механик,Юля
24,механик,Виталик
29,токарь,Влад
26,программист,Юля
20,токарь,Катя
19,механик,Митя
18,бездельник,Вася
28,дорник,Митя
18,дорник,Юля
35,дорник,Толик
